360,Last seen on 09 May 2021,266732,4446,185,1869,11909,734,2540,17782
360,Last seen on 09 May 2021,266938,4449,185,1866,11873,734,2542,17796
360,Last seen on 09 May 2021,266989,4450,185,1872,11896,734,2543,17799
361,Last seen on 09 May 2021,267554,4459,186,1857,11771,736,2548,17837
361,Last seen on 15 May 2021,267811,4464,186,1851,11744,736,2551,17854
362,Last seen on 16 May 2021,268171,4470,186,1847,11692,737,2554,17878
362,Last seen on 16 May 2021,268376,4473,186,1856,11702,738,2556,17892
362,Last seen on 16 May 2021,268684,4478,187,1857,11678,739,2559,17912
362,Last seen on 16 May 2021,268787,4480,187,1850,11688,739,2560,17919
363,Last seen on 19 May 2021,268890,4482,187,1853,11684,739,2561,17926
363,Last seen on 19 May 2021,269249,4487,187,1848,11655,740,2564,17950
363,Last seen on 19 May 2021,269506,4492,187,1851,11653,741,2567,17967
363,Last seen on 23 May 2021,269506,4492,187,1852,11681,741,2567,17967
364,Last seen on 24 May 2021,269917,4499,187,1819,11597,742,2571,17994
364,Last seen on 24 May 2021,270020,4500,188,1831,11654,743,2572,18001
364,Last seen on 24 May 2021,270225,4504,188,1802,11591,743,2574,18015
365,Last seen on 24 May 2021,270431,4507,188,1835,11605,744,2576,18029
365,Last seen on 29 May 2021,270431,4507,188,1840,11640,744,2576,18029
365,Last seen on 29 May 2021,270893,4515,188,1832,11562,745,2580,18060
365,Last seen on 29 May 2021,271099,4518,188,1828,11545,746,2582,18073
366,Last seen on 29 May 2021,271355,4523,188,1821,11508,746,2584,18090
367,Last seen on 29 May 2021,271510,4525,189,1823,11497,747,2586,18101
367,Last seen on 29 May 2021,271921,4532,189,1805,11404,748,2590,18128
367,Last seen on 29 May 2021,272177,4536,189,1797,11361,748,2592,18145
368,Last seen on 29 May 2021,272897,4548,190,1783,11238,750,2599,18193
368,Last seen on 29 May 2021,273153,4553,190,1773,11191,751,2601,18210
368,Last seen on 29 May 2021,273205,4553,190,1774,11198,751,2602,18214
368,Last seen on 07 Jun 2021,273205,4553,190,1775,11217,751,2602,18214
368,Last seen on 07 Jun 2021,273205,4553,190,1783,11243,751,2602,18214
369,Last seen on 07 Jun 2021,273513,4559,190,1773,11181,752,2605,18234
369,Last seen on 07 Jun 2021,273821,4564,190,1771,11150,753,2608,18255
370,Last seen on 11 Jun 2021,274386,4573,191,1752,11030,755,2613,18292
370,Last seen on 12 Jun 2021,274489,4575,191,1754,11034,755,2614,18299
371,Last seen on 12 Jun 2021,274900,4582,191,1741,10963,756,2618,18327
371,Last seen on 12 Jun 2021,275157,4586,191,1729,10903,757,2621,18344
371,Last seen on 16 Jun 2021,275414,4590,191,1719,10861,757,2623,18361
372,Last seen on 16 Jun 2021,275825,4597,192,1718,10779,759,2627,18388
372,Last seen on 16 Jun 2021,276287,4605,192,1688,10664,760,2631,18419
373,Last seen on 19 Jun 2021,276749,4612,192,1692,10623,761,2636,18450
373,Last seen on 19 Jun 2021,276955,4616,192,1688,10613,762,2638,18464
373,Last seen on 19 Jun 2021,277160,4619,192,1688,10583,762,2640,18477
373,Last seen on 19 Jun 2021,277314,4622,193,1683,10558,763,2641,18488
374,Last seen on 19 Jun 2021,277623,4627,193,1677,10514,763,2644,18508
374,Last seen on 19 Jun 2021,277777,4630,193,1676,10484,764,2645,18518
374,Last seen on 19 Jun 2021,278034,4634,193,1677,10452,765,2648,18536
375,Last seen on 26 Jun 2021,278188,4636,193,1676,10439,765,2649,18546
375,Last seen on 26 Jun 2021,278239,4637,193,1672,10463,765,2650,18549
376,Last seen on 26 Jun 2021,278496,4642,193,1669,10434,766,2652,18566
376,Last seen on 26 Jun 2021,278547,4642,193,1669,10463,766,2653,18570
376,Last seen on 29 Jun 2021,278837,4647,194,1656,10395,767,2656,18589
376,Last seen on 29 Jun 2021,278753,4646,194,1670,10454,767,2655,18584
376,Last seen on 01 Jul 2021,278753,4646,194,1666,10481,767,2655,18584
376,Last seen on 03 Jul 2021,278753,4646,194,1671,10495,767,2655,18584
376,Last seen on 04 Jul 2021,278907,4648,194,1661,10474,767,2656,18594
377,Last seen on 04 Jul 2021,278958,4649,194,1663,10465,767,2657,18597
377,Last seen on 04 Jul 2021,279112,4652,194,1662,10478,768,2658,18607
377,Last seen on 04 Jul 2021,279266,4654,194,1660,10460,768,2660,18618
378,Last seen on 08 Jul 2021,279421,4657,194,1657,10450,768,2661,18628
378,Last seen on 08 Jul 2021,279575,4660,194,1655,10429,769,2663,18638
378,Last seen on 09 Jul 2021,279575,4660,194,1674,10489,769,2663,18638
378,Last seen on 11 Jul 2021,279575,4660,194,1691,10529,769,2663,18638
378,Last seen on 11 Jul 2021,279677,4661,194,1693,10550,769,2664,18645
378,Last seen on 12 Jul 2021,279729,4662,194,1691,10569,769,2664,18649
379,Last seen on 12 Jul 2021,279883,4665,194,1689,10556,770,2666,18659
379,Last seen on 12 Jul 2021,279934,4666,194,1690,10569,770,2666,18662
379,Last seen on 12 Jul 2021,279986,4666,194,1694,10575,770,2667,18666
379,Last seen on 17 Jul 2021,279986,4666,194,1702,10580,770,2667,18666
379,Last seen on 18 Jul 2021,280397,4673,195,1693,10517,771,2670,18693
380,Last seen on 18 Jul 2021,280756,4679,195,1677,10464,772,2674,18717
381,Last seen on 18 Jul 2021,281064,4684,195,1674,10421,773,2677,18738
381,Last seen on 18 Jul 2021,281116,4685,195,1670,10439,773,2677,18741
381,Last seen on 18 Jul 2021,281219,4687,195,1667,10420,773,2678,18748
381,Last seen on 18 Jul 2021,281353,4689,195,1666,10402,774,2680,18757
382,Last seen on 24 Jul 2021,281353,4689,195,1667,10441,774,2680,18757
382,Last seen on 24 Jul 2021,281353,4689,195,1667,10451,774,2680,18757
382,Last seen on 24 Jul 2021,281353,4689,195,1670,10472,774,2680,18757
383,Last seen on 26 Jul 2021,281455,4691,195,1672,10471,774,2681,18764
383,Last seen on 26 Jul 2021,281661,4694,196,1665,10438,775,2682,18777
384,Last seen on 28 Jul 2021,282020,4700,196,1656,10401,776,2686,18801
384,Last seen on 28 Jul 2021,282123,4702,196,1650,10383,776,2687,18808
384,Last seen on 31 Jul 2021,282123,4702,196,1665,10433,776,2687,18808
385,Last seen on 31 Jul 2021,282329,4705,196,1656,10418,776,2689,18822
385,Last seen on 31 Jul 2021,282534,4709,196,1651,10380,777,2691,18836
385,Last seen on 31 Jul 2021,282688,4711,196,1650,10344,777,2692,18846
386,Last seen on 31 Jul 2021,283048,4717,197,1647,10287,778,2696,18870
386,Last seen on 31 Jul 2021,283305,4722,197,1646,10239,779,2698,18887
386,Last seen on 07 Aug 2021,283459,4724,197,1645,10244,780,2700,18897
387,Last seen on 07 Aug 2021,284075,4735,197,1620,10095,781,2705,18938
387,Last seen on 07 Aug 2021,284332,4739,197,1612,10062,782,2708,18955
388,Last seen on 07 Aug 2021,284383,4740,197,1611,10064,782,2708,18959
388,Last seen on 11 Aug 2021,284383,4740,197,1606,10056,782,2708,18959
388,Last seen on 11 Aug 2021,284486,4741,198,1603,10042,782,2709,18966
389,Last seen on 11 Aug 2021,284589,4743,198,1608,10032,783,2710,18973
389,Last seen on 11 Aug 2021,284743,4746,198,1611,10034,783,2712,18983
390,Last seen on 11 Aug 2021,285616,4760,198,1588,9821,785,2720,19041
390,Last seen on 11 Aug 2021,285976,4766,199,1579,9767,786,2724,19065
391,Last seen on 11 Aug 2021,286233,4771,199,1582,9715,787,2726,19082
391,Last seen on 18 Aug 2021,286336,4772,199,1583,9692,787,2727,19089
391,Last seen on 18 Aug 2021,286592,4777,199,1580,9649,788,2729,19106
392,Last seen on 18 Aug 2021,287055,4784,199,1570,9550,789,2734,19137
392,Last seen on 18 Aug 2021,287466,4791,200,1566,9484,791,2738,19164
393,Last seen on 18 Aug 2021,287877,4798,200,1552,9419,792,2742,19192
393,Last seen on 18 Aug 2021,288031,4801,200,1549,9414,792,2743,19202
394,Last seen on 18 Aug 2021,288185,4803,200,1565,9405,793,2745,19212
395,Last seen on 25 Aug 2021,288647,4811,200,1554,9331,794,2749,19243
396,Last seen on 25 Aug 2021,288955,4816,201,1541,9267,795,2752,19264
397,Last seen on 25 Aug 2021,289623,4827,201,1519,9146,796,2758,19308
398,Last seen on 25 Aug 2021,290291,4838,202,1505,9022,798,2765,19353
398,Last seen on 25 Aug 2021,290702,4845,202,1499,8958,799,2769,19380
399,Last seen on 25 Aug 2021,290805,4847,202,1498,8975,800,2770,19387
399,Last seen on 25 Aug 2021,290651,4844,202,1505,9015,799,2768,19377
400,Last seen on 31 Aug 2021,290651,4844,202,1502,9034,799,2768,19377
400,Last seen on 01 Sep 2021,290599,4843,202,1502,9048,799,2768,19373
400,Last seen on 01 Sep 2021,290599,4843,202,1506,9064,799,2768,19373
401,Last seen on 03 Sep 2021,290651,4844,202,1507,9057,799,2768,19377
402,Last seen on 04 Sep 2021,290959,4849,202,1499,9014,800,2771,19397
403,Last seen on 04 Sep 2021,291370,4856,202,1487,8917,801,2775,19425
404,Last seen on 04 Sep 2021,291524,4859,202,1482,8899,802,2776,19435
405,Last seen on 04 Sep 2021,291832,4864,203,1468,8872,803,2779,19455
405,Last seen on 04 Sep 2021,291986,4866,203,1466,8844,803,2781,19466
405,Last seen on 10 Sep 2021,291781,4863,203,1470,8890,802,2779,19452
406,Last seen on 10 Sep 2021,292192,4870,203,1453,8828,804,2783,19479
407,Last seen on 13 Sep 2021,292603,4877,203,1441,8750,805,2787,19507
407,Last seen on 13 Sep 2021,292140,4869,203,1460,8884,803,2782,19476
407,Last seen on 16 Sep 2021,292089,4868,203,1464,8889,803,2782,19473
408,Last seen on 18 Sep 2021,291832,4864,203,1477,8956,803,2779,19455
408,Last seen on 18 Sep 2021,292089,4868,203,1468,8892,803,2782,19473
409,Last seen on 20 Sep 2021,292089,4868,203,1493,8905,803,2782,19473
409,Last seen on 21 Sep 2021,291678,4861,203,1505,8982,802,2778,19445
409,Last seen on 22 Sep 2021,291678,4861,203,1506,8980,802,2778,19445
409,Last seen on 23 Sep 2021,291575,4860,202,1513,9004,802,2777,19438
409,Last seen on 23 Sep 2021,291524,4859,202,1512,8983,802,2776,19435
410,Last seen on 24 Sep 2021,291421,4857,202,1515,9004,801,2775,19428
410,Last seen on 25 Sep 2021,291318,4855,202,1517,9035,801,2774,19421
411,Last seen on 26 Sep 2021,291164,4853,202,1515,9037,801,2773,19411
411,Last seen on 28 Sep 2021,0,0,0,471887,2646797,0,0,0
412,Last seen on 28 Sep 2021,22860,381,16,348477,2033860,63,218,1524
412,Last seen on 28 Sep 2021,13960,233,10,380207,2207966,38,133,931
412,Last seen on 28 Sep 2021,13960,233,10,380323,2208735,38,133,931
413,Last seen on 02 Oct 2021,13960,233,10,380408,2209295,38,133,931
413,Last seen on 03 Oct 2021,13960,233,10,380520,2209879,38,133,931
413,Last seen on 04 Oct 2021,14023,234,10,380412,2209190,39,134,935
414,Last seen on 05 Oct 2021,14086,235,10,380248,2208069,39,134,939
414,Last seen on 05 Oct 2021,14086,235,10,380273,2208447,39,134,939
414,Last seen on 07 Oct 2021,14117,235,10,380266,2208411,39,134,941
414,Last seen on 08 Oct 2021,14117,235,10,380332,2208905,39,134,941
414,Last seen on 08 Oct 2021,14117,235,10,380386,2209363,39,134,941
414,Last seen on 09 Oct 2021,14117,235,10,380448,2209809,39,134,941
414,Last seen on 11 Oct 2021,14117,235,10,380490,2210206,39,134,941
414,Last seen on 12 Oct 2021,14117,235,10,380534,2210406,39,134,941
414,Last seen on 13 Oct 2021,14117,235,10,380614,2210982,39,134,941
414,Last seen on 13 Oct 2021,14117,235,10,380702,2211568,39,134,941
414,Last seen on 14 Oct 2021,14117,235,10,380776,2212105,39,134,941
414,Last seen on 15 Oct 2021,14117,235,10,380814,2212462,39,134,941
414,Last seen on 15 Oct 2021,14117,235,10,380887,2212877,39,134,941
414,Last seen on 18 Oct 2021,14117,235,10,380970,2213448,39,134,941
414,Last seen on 19 Oct 2021,14117,235,10,381029,2214029,39,134,941
414,Last seen on 19 Oct 2021,14117,235,10,381093,2214523,39,134,941
414,Last seen on 20 Oct 2021,14117,235,10,381193,2215031,39,134,941
414,Last seen on 22 Oct 2021,14117,235,10,381261,2215444,39,134,941
414,Last seen on 22 Oct 2021,14117,235,10,381319,2215844,39,134,941
414,Last seen on 22 Oct 2021,14117,235,10,381386,2216321,39,134,941
414,Last seen on 24 Oct 2021,14117,235,10,381466,2216874,39,134,941
414,Last seen on 26 Oct 2021,14117,235,10,381567,2217415,39,134,941
414,Last seen on 26 Oct 2021,14117,235,10,381626,2217980,39,134,941
414,Last seen on 26 Oct 2021,14117,235,10,381800,2219063,39,134,941
414,Last seen on 29 Oct 2021,14117,235,10,381856,2219552,39,134,941
414,Last seen on 30 Oct 2021,14117,235,10,381919,2220088,39,134,941
414,Last seen on 30 Oct 2021,14117,235,10,381973,2220522,39,134,941
414,Last seen on 01 Nov 2021,14117,235,10,382054,2221101,39,134,941
415,Last seen on 03 Nov 2021,14148,236,10,381966,2220747,39,135,943
415,Last seen on 04 Nov 2021,14148,236,10,382040,2221611,39,135,943
416,Last seen on 05 Nov 2021,14274,238,10,381639,2219690,39,136,952
416,Last seen on 06 Nov 2021,14274,238,10,381747,2220409,39,136,952
416,Last seen on 07 Nov 2021,14274,238,10,381824,2220957,39,136,952
416,Last seen on 07 Nov 2021,14274,238,10,381915,2221616,39,136,952
416,Last seen on 07 Nov 2021,14274,238,10,382002,2222205,39,136,952
416,Last seen on 10 Nov 2021,14274,238,10,382078,2222776,39,136,952
417,Last seen on 11 Nov 2021,14274,238,10,382171,2223418,39,136,952
418,Last seen on 11 Nov 2021,14274,238,10,382250,2224002,39,136,952
418,Last seen on 12 Nov 2021,14274,238,10,382365,2224640,39,136,952
418,Last seen on 12 Nov 2021,14274,238,10,382452,2225332,39,136,952
418,Last seen on 15 Nov 2021,14274,238,10,382540,2226321,39,136,952
419,Last seen on 17 Nov 2021,14399,240,10,382070,2224665,40,137,960
420,Last seen on 18 Nov 2021,14399,240,10,382551,2226509,40,137,960
421,Last seen on 18 Nov 2021,14431,241,10,382641,2226766,40,137,962
422,Last seen on 18 Nov 2021,14525,242,10,382314,2224953,40,138,968
424,Last seen on 18 Nov 2021,14525,242,10,382421,2225768,40,138,968
425,Last seen on 23 Nov 2021,14650,244,10,381987,2223028,40,140,977
427,Last seen on 24 Nov 2021,14650,244,10,382191,2224653,40,140,977
428,Last seen on 27 Nov 2021,14650,244,10,382338,2225984,40,140,977
428,Last seen on 28 Nov 2021,14650,244,10,382406,2226555,40,140,977
428,Last seen on 28 Nov 2021,14650,244,10,382474,2227340,40,140,977
428,Last seen on 30 Nov 2021,14650,244,10,382544,2227998,40,140,977
428,Last seen on 01 Dec 2021,14650,244,10,382636,2228731,40,140,977
428,Last seen on 02 Dec 2021,14650,244,10,382734,2229531,40,140,977
428,Last seen on 02 Dec 2021,14650,244,10,382837,2230242,40,140,977
428,Last seen on 04 Dec 2021,14650,244,10,382800,2230742,40,140,977
428,Last seen on 04 Dec 2021,14650,244,10,382803,2231236,40,140,977
428,Last seen on 06 Dec 2021,14650,244,10,382897,2231881,40,140,977
428,Last seen on 07 Dec 2021,14870,248,10,381926,2226564,41,142,991
429,Last seen on 08 Dec 2021,14995,250,10,381449,2224075,41,143,1000
429,Last seen on 09 Dec 2021,15027,250,10,381340,2223637,41,143,1002
429,Last seen on 10 Dec 2021,15058,251,10,381273,2223238,41,143,1004
429,Last seen on 11 Dec 2021,15089,251,10,381271,2223164,41,144,1006
429,Last seen on 12 Dec 2021,15121,252,11,381155,2222645,42,144,1008
429,Last seen on 13 Dec 2021,15121,252,11,381235,2223242,42,144,1008
429,Last seen on 13 Dec 2021,15152,253,11,381238,2223236,42,144,1010
429,Last seen on 13 Dec 2021,15152,253,11,381330,2223865,42,144,1010
429,Last seen on 15 Dec 2021,15152,253,11,381387,2224336,42,144,1010
429,Last seen on 17 Dec 2021,15152,253,11,381462,2224893,42,144,1010
429,Last seen on 17 Dec 2021,15152,253,11,381520,2225327,42,144,1010
429,Last seen on 19 Dec 2021,15152,253,11,381559,2225736,42,144,1010
429,Last seen on 19 Dec 2021,15152,253,11,381627,2226175,42,144,1010
429,Last seen on 21 Dec 2021,15152,253,11,381680,2226654,42,144,1010
430,Last seen on 21 Dec 2021,15152,253,11,381754,2227147,42,144,1010
431,Last seen on 23 Dec 2021,15246,254,11,381400,2224968,42,145,1016
431,Last seen on 23 Dec 2021,15246,254,11,381477,2225288,42,145,1016
431,Last seen on 25 Dec 2021,15246,254,11,381558,2225662,42,145,1016
431,Last seen on 25 Dec 2021,15246,254,11,381619,2226145,42,145,1016
432,Last seen on 27 Dec 2021,15246,254,11,381675,2226655,42,145,1016
433,Last seen on 27 Dec 2021,15246,254,11,381786,2227181,42,145,1016
433,Last seen on 29 Dec 2021,15246,254,11,381875,2227867,42,145,1016
434,Last seen on 29 Dec 2021,15246,254,11,381976,2228582,42,145,1016
435,Last seen on 31 Dec 2021,15246,254,11,382068,2229299,42,145,1016
435,Last seen on 31 Dec 2021,15246,254,11,382139,2229845,42,145,1016
436,Last seen on 31 Dec 2021,15278,255,11,382068,2229336,42,146,1019
438,Last seen on 31 Dec 2021,15278,255,11,382165,2229954,42,146,1019
438,Last seen on 31 Dec 2021,15278,255,11,382230,2230526,42,146,1019
439,Last seen on 07 Jan 2022,597,10,0,519970,2978433,2,6,40
440,Last seen on 07 Jan 2022,597,10,0,519497,2972616,2,6,40
441,Last seen on 07 Jan 2022,597,10,0,519294,2969284,2,6,40
441,Last seen on 07 Jan 2022,597,10,0,519187,2967140,2,6,40
443,Last seen on 10 Jan 2022,597,10,0,519134,2963786,2,6,40
444,Last seen on 14 Jan 2022,597,10,0,519471,2963744,2,6,40
447,Last seen on 17 Jan 2022,597,10,0,520296,2967240,2,6,40
448,Last seen on 20 Jan 2022,597,10,0,521001,2971426,2,6,40
449,Last seen on 22 Jan 2022,597,10,0,521617,2974933,2,6,40
451,Last seen on 26 Jan 2022,597,10,0,522202,2978159,2,6,40
452,Last seen on 28 Jan 2022,597,10,0,523268,2983698,2,6,40
454,Last seen on 31 Jan 2022,597,10,0,524511,2991592,2,6,40
469,Last seen on 19 Mar 2022,816,14,1,527884,3019620,2,8,54
470,Last seen on 19 Mar 2022,847,14,1,526635,3014197,2,8,56
470,Last seen on 20 Mar 2022,847,14,1,526951,3015835,2,8,56
471,Last seen on 22 Mar 2022,1287,21,1,511575,2936626,4,12,86
472,Last seen on 23 Mar 2022,1349,22,1,509874,2928089,4,13,90
473,Last seen on 24 Mar 2022,1412,24,1,508282,2919764,4,13,94
473,Last seen on 24 Mar 2022,1475,25,1,506559,2911773,4,14,98
473,Last seen on 26 Mar 2022,1475,25,1,506723,2913000,4,14,98
474,Last seen on 26 Mar 2022,1475,25,1,506898,2914247,4,14,98
474,Last seen on 28 Mar 2022,1475,25,1,507073,2915486,4,14,98
475,Last seen on 29 Mar 2022,1475,25,1,507264,2916857,4,14,98
475,Last seen on 30 Mar 2022,1506,25,1,506416,2912873,4,14,100
476,Last seen on 31 Mar 2022,1506,25,1,506648,2914283,4,14,100
477,Last seen on 01 Apr 2022,1506,25,1,506880,2915714,4,14,100
477,Last seen on 01 Apr 2022,1506,25,1,507203,2917196,4,14,100
478,Last seen on 01 Apr 2022,1600,27,1,504781,2904295,4,15,107
481,Last seen on 01 Apr 2022,1789,30,1,500210,2879263,5,17,119
482,Last seen on 01 Apr 2022,1789,30,1,500412,2880913,5,17,119
482,Last seen on 01 Apr 2022,1789,30,1,500595,2882463,5,17,119
482,Last seen on 06 Apr 2022,1789,30,1,500754,2883751,5,17,119
483,Last seen on 06 Apr 2022,1789,30,1,501048,2885319,5,17,119
484,Last seen on 06 Apr 2022,1789,30,1,501269,2886692,5,17,119
484,Last seen on 06 Apr 2022,1789,30,1,501501,2888316,5,17,119
485,Last seen on 06 Apr 2022,1914,32,1,498413,2871687,5,18,128
486,Last seen on 06 Apr 2022,2008,33,1,496182,2860276,6,19,134
487,Last seen on 13 Apr 2022,2165,36,2,492502,2840268,6,21,144
489,Last seen on 14 Apr 2022,2385,40,2,487954,2815316,7,23,159
489,Last seen on 15 Apr 2022,2385,40,2,488156,2816603,7,23,159
490,Last seen on 15 Apr 2022,2510,42,2,485704,2803365,7,24,167
491,Last seen on 15 Apr 2022,2604,43,2,483968,2793582,7,25,174
493,Last seen on 19 Apr 2022,2887,48,2,478461,2763028,8,27,192
494,Last seen on 19 Apr 2022,2981,50,2,476857,2754340,8,28,199
494,Last seen on 19 Apr 2022,2981,50,2,477036,2755542,8,28,199
495,Last seen on 19 Apr 2022,3137,52,2,474428,2740722,9,30,209
495,Last seen on 19 Apr 2022,3137,52,2,474596,2741832,9,30,209
496,Last seen on 22 Apr 2022,3137,52,2,474733,2742884,9,30,209
499,Last seen on 22 Apr 2022,3420,57,2,470653,2719662,9,33,228
500,Last seen on 22 Apr 2022,3514,59,2,469259,2711688,10,33,234
501,Last seen on 29 Apr 2022,3545,59,2,468814,2709395,10,34,236
502,Last seen on 29 Apr 2022,3608,60,3,467992,2704709,10,34,241
503,Last seen on 29 Apr 2022,3702,62,3,466668,2697054,10,35,247
503,Last seen on 02 May 2022,3702,62,3,466852,2698171,10,35,247
508,Last seen on 10 May 2022,4016,67,3,462952,2676304,11,38,268
508,Last seen on 10 May 2022,4016,67,3,463079,2677233,11,38,268
509,Last seen on 10 May 2022,4016,67,3,463195,2678117,11,38,268
510,Last seen on 10 May 2022,4016,67,3,463339,2678979,11,38,268
511,Last seen on 10 May 2022,4016,67,3,463449,2679873,11,38,268
513,Last seen on 10 May 2022,4016,67,3,463551,2680714,11,38,268
513,Last seen on 10 May 2022,4016,67,3,463696,2681597,11,38,268
514,Last seen on 17 May 2022,4016,67,3,463852,2682512,11,38,268
516,Last seen on 18 May 2022,4204,70,3,461393,2669154,12,40,280
517,Last seen on 18 May 2022,4204,70,3,461547,2670095,12,40,280
517,Last seen on 18 May 2022,4204,70,3,461677,2670949,12,40,280
518,Last seen on 18 May 2022,4204,70,3,461815,2671866,12,40,280
518,Last seen on 18 May 2022,4235,71,3,461462,2669836,12,40,282
518,Last seen on 24 May 2022,4235,71,3,461626,2670687,12,40,282
519,Last seen on 24 May 2022,4235,71,3,461750,2671587,12,40,282
519,Last seen on 24 May 2022,4267,71,3,461330,2669426,12,41,284
520,Last seen on 24 May 2022,4361,73,3,460190,2662741,12,42,291
522,Last seen on 24 May 2022,4361,73,3,460295,2663484,12,42,291
524,Last seen on 24 May 2022,4643,77,3,456334,2640874,13,44,310
525,Last seen on 24 May 2022,4737,79,3,455223,2634276,13,45,316
526,Last seen on 24 May 2022,4800,80,3,454560,2630266,13,46,320
527,Last seen on 01 Jun 2022,4800,80,3,454662,2631002,13,46,320
528,Last seen on 01 Jun 2022,4800,80,3,454744,2631695,13,46,320
529,Last seen on 01 Jun 2022,4800,80,3,454864,2632481,13,46,320
529,Last seen on 01 Jun 2022,4894,82,3,453723,2625767,13,47,326
530,Last seen on 05 Jun 2022,5020,84,3,452327,2617307,14,48,335
531,Last seen on 05 Jun 2022,5177,86,4,450416,2606430,14,49,345
532,Last seen on 08 Jun 2022,4643,77,3,457487,2648366,13,44,310
532,Last seen on 09 Jun 2022,4643,77,3,457628,2649165,13,44,310
533,Last seen on 10 Jun 2022,4675,78,3,457264,2647181,13,45,312
534,Last seen on 11 Jun 2022,4675,78,3,457368,2647922,13,45,312
535,Last seen on 12 Jun 2022,4831,81,3,455384,2636260,13,46,322
535,Last seen on 12 Jun 2022,4831,81,3,455511,2637127,13,46,322
536,Last seen on 12 Jun 2022,4831,81,3,455644,2637876,13,46,322
537,Last seen on 12 Jun 2022,5051,84,4,452965,2621782,14,48,337
537,Last seen on 15 Jun 2022,5051,84,4,453076,2622336,14,48,337
537,Last seen on 15 Jun 2022,5051,84,4,453228,2623248,14,48,337
537,Last seen on 15 Jun 2022,5051,84,4,453334,2623997,14,48,337
537,Last seen on 15 Jun 2022,5051,84,4,453434,2624757,14,48,337
537,Last seen on 20 Jun 2022,5051,84,4,453540,2625591,14,48,337
537,Last seen on 21 Jun 2022,5051,84,4,453667,2626459,14,48,337
537,Last seen on 22 Jun 2022,5051,84,4,453790,2627260,14,48,337
537,Last seen on 22 Jun 2022,5051,84,4,453892,2628031,14,48,337
537,Last seen on 22 Jun 2022,5051,84,4,454039,2628916,14,48,337
537,Last seen on 22 Jun 2022,5051,84,4,454150,2629662,14,48,337
537,Last seen on 22 Jun 2022,5051,84,4,454284,2630589,14,48,337
537,Last seen on 22 Jun 2022,5051,84,4,454432,2631433,14,48,337
537,Last seen on 22 Jun 2022,5051,84,4,454593,2632414,14,48,337
537,Last seen on 22 Jun 2022,5051,84,4,454726,2632003,14,48,337
537,Last seen on 30 Jun 2022,5051,84,4,454857,2632075,14,48,337
537,Last seen on 30 Jun 2022,5051,84,4,455005,2632414,14,48,337
537,Last seen on 30 Jun 2022,5051,84,4,455112,2632605,14,48,337
538,Last seen on 30 Jun 2022,5051,84,4,455244,2632638,14,48,337
538,Last seen on 03 Jul 2022,5051,84,4,455360,2633010,14,48,337
538,Last seen on 04 Jul 2022,5051,84,4,455486,2633413,14,48,337
538,Last seen on 04 Jul 2022,5051,84,4,455713,2634660,14,48,337
538,Last seen on 04 Jul 2022,5051,84,4,455852,2635715,14,48,337
538,Last seen on 09 Jul 2022,5051,84,4,455978,2636726,14,48,337
538,Last seen on 09 Jul 2022,5051,84,4,456105,2637549,14,48,337
538,Last seen on 09 Jul 2022,5051,84,4,456242,2638416,14,48,337
538,Last seen on 09 Jul 2022,5051,84,4,456396,2639525,14,48,337
538,Last seen on 09 Jul 2022,5051,84,4,456526,2640593,14,48,337
538,Last seen on 14 Jul 2022,5051,84,4,456646,2641599,14,48,337
538,Last seen on 15 Jul 2022,5051,84,4,456753,2642567,14,48,337
538,Last seen on 15 Jul 2022,5051,84,4,456895,2643485,14,48,337
538,Last seen on 17 Jul 2022,5051,84,4,457043,2644505,14,48,337
538,Last seen on 17 Jul 2022,5051,84,4,457180,2645532,14,48,337
538,Last seen on 17 Jul 2022,5051,84,4,457341,2646568,14,48,337
538,Last seen on 17 Jul 2022,5051,84,4,457482,2647548,14,48,337
538,Last seen on 17 Jul 2022,5051,84,4,457633,2648443,14,48,337
538,Last seen on 17 Jul 2022,5051,84,4,457776,2649419,14,48,337
538,Last seen on 17 Jul 2022,5051,84,4,457921,2650361,14,48,337
538,Last seen on 17 Jul 2022,5051,84,4,458067,2651312,14,48,337
538,Last seen on 17 Jul 2022,5051,84,4,458236,2652281,14,48,337
538,Last seen on 17 Jul 2022,5051,84,4,458371,2653248,14,48,337
538,Last seen on 17 Jul 2022,5051,84,4,458682,2655361,14,48,337
538,Last seen on 17 Jul 2022,5051,84,4,458878,2656541,14,48,337
538,Last seen on 17 Jul 2022,5051,84,4,459095,2657813,14,48,337
538,Last seen on 17 Jul 2022,5051,84,4,459266,2658901,14,48,337
538,Last seen on 17 Jul 2022,5051,84,4,459448,2659929,14,48,337
538,Last seen on 17 Jul 2022,5051,84,4,459612,2660987,14,48,337
538,Last seen on 17 Jul 2022,5051,84,4,459945,2663154,14,48,337
538,Last seen on 17 Jul 2022,5051,84,4,460110,2664276,14,48,337
538,Last seen on 17 Jul 2022,5051,84,4,459894,2662375,14,48,337
538,Last seen on 07 Aug 2022,5051,84,4,460052,2663533,14,48,337
538,Last seen on 07 Aug 2022,5051,84,4,460236,2666229,14,48,337
538,Last seen on 07 Aug 2022,5051,84,4,460400,2667614,14,48,337
538,Last seen on 07 Aug 2022,5051,84,4,460571,2668797,14,48,337
538,Last seen on 07 Aug 2022,5051,84,4,460761,2670005,14,48,337
538,Last seen on 07 Aug 2022,5051,84,4,460919,2671174,14,48,337
538,Last seen on 07 Aug 2022,5051,84,4,461058,2672124,14,48,337
538,Last seen on 07 Aug 2022,5051,84,4,461211,2673100,14,48,337
538,Last seen on 14 Aug 2022,5051,84,4,461353,2674205,14,48,337
538,Last seen on 15 Aug 2022,5051,84,4,461552,2675771,14,48,337
538,Last seen on 15 Aug 2022,5051,84,4,461680,2676761,14,48,337
538,Last seen on 15 Aug 2022,5051,84,4,461587,2677783,14,48,337
538,Last seen on 15 Aug 2022,5051,84,4,461879,2679076,14,48,337
538,Last seen on 19 Aug 2022,5051,84,4,462743,2683234,14,48,337
538,Last seen on 19 Aug 2022,5051,84,4,463112,2686457,14,48,337
538,Last seen on 19 Aug 2022,5051,84,4,463273,2688621,14,48,337
538,Last seen on 19 Aug 2022,5051,84,4,463449,2689874,14,48,337
538,Last seen on 19 Aug 2022,5051,84,4,463621,2691045,14,48,337
538,Last seen on 19 Aug 2022,5051,84,4,463794,2692171,14,48,337
538,Last seen on 19 Aug 2022,5051,84,4,463956,2693296,14,48,337
538,Last seen on 19 Aug 2022,5051,84,4,464124,2694531,14,48,337
538,Last seen on 19 Aug 2022,5051,84,4,464323,2695813,14,48,337
538,Last seen on 19 Aug 2022,5051,84,4,464380,2696612,14,48,337
538,Last seen on 19 Aug 2022,5051,84,4,464580,2697981,14,48,337
538,Last seen on 19 Aug 2022,5051,84,4,464767,2699227,14,48,337
538,Last seen on 19 Aug 2022,5051,84,4,464980,2700499,14,48,337
538,Last seen on 19 Aug 2022,5051,84,4,465177,2701970,14,48,337
538,Last seen on 19 Aug 2022,5051,84,4,465367,2703217,14,48,337
538,Last seen on 19 Aug 2022,5051,84,4,465584,2704509,14,48,337
538,Last seen on 19 Aug 2022,5051,84,4,465743,2705609,14,48,337
538,Last seen on 19 Aug 2022,5051,84,4,465862,2706526,14,48,337
538,Last seen on 19 Aug 2022,5051,84,4,466051,2707531,14,48,337
538,Last seen on 19 Aug 2022,5051,84,4,466332,2708843,14,48,337
538,Last seen on 19 Aug 2022,5051,84,4,466673,2710429,14,48,337
538,Last seen on 19 Aug 2022,5051,84,4,467045,2712184,14,48,337
538,Last seen on 12 Sep 2022,5051,84,4,467440,2713830,14,48,337
538,Last seen on 12 Sep 2022,5051,84,4,467773,2714853,14,48,337
538,Last seen on 12 Sep 2022,5051,84,4,468104,2716395,14,48,337
538,Last seen on 12 Sep 2022,5051,84,4,468406,2717812,14,48,337
538,Last seen on 12 Sep 2022,5051,84,4,468662,2719142,14,48,337
538,Last seen on 12 Sep 2022,5051,84,4,468933,2720586,14,48,337
538,Last seen on 12 Sep 2022,5051,84,4,469213,2722052,14,48,337
538,Last seen on 12 Sep 2022,5051,84,4,469376,2723081,14,48,337
538,Last seen on 12 Sep 2022,5177,86,4,467557,2712781,14,49,345
538,Last seen on 12 Sep 2022,5239,87,4,466751,2708035,14,50,349
539,Last seen on 12 Sep 2022,5271,88,4,466342,2706026,14,50,351
539,Last seen on 24 Sep 2022,5365,89,4,465060,2698808,15,51,358
540,Last seen on 24 Sep 2022,5616,94,4,461603,2678418,15,53,374
541,Last seen on 24 Sep 2022,5773,96,4,459517,2666549,16,55,385
541,Last seen on 24 Sep 2022,5835,97,4,458866,2662680,16,56,389
542,Last seen on 24 Sep 2022,5961,99,4,457226,2652605,16,57,397
542,Last seen on 24 Sep 2022,5961,99,4,457361,2653805,16,57,397
542,Last seen on 24 Sep 2022,5961,99,4,457526,2654986,16,57,397
543,Last seen on 01 Oct 2022,5961,99,4,457879,2657264,16,57,397
543,Last seen on 01 Oct 2022,5961,99,4,458000,2658335,16,57,397
543,Last seen on 01 Oct 2022,5961,99,4,458158,2659443,16,57,397
543,Last seen on 01 Oct 2022,6024,100,4,457464,2655281,17,57,402
543,Last seen on 05 Oct 2022,6180,103,4,455593,2643855,17,59,412
543,Last seen on 06 Oct 2022,6180,103,4,455748,2644815,17,59,412
544,Last seen on 06 Oct 2022,6243,104,4,455143,2640893,17,59,416
544,Last seen on 08 Oct 2022,6243,104,4,455249,2641758,17,59,416
544,Last seen on 10 Oct 2022,6337,106,4,454110,2635183,17,60,422
544,Last seen on 10 Oct 2022,6337,106,4,454216,2636064,17,60,422
545,Last seen on 10 Oct 2022,6494,108,5,452399,2624661,18,62,433
545,Last seen on 10 Oct 2022,6557,109,5,451761,2620930,18,62,437
546,Last seen on 10 Oct 2022,6588,110,5,451463,2619371,18,63,439
546,Last seen on 10 Oct 2022,6682,111,5,450414,2613039,18,64,445
546,Last seen on 15 Oct 2022,6682,111,5,450567,2614114,18,64,445
547,Last seen on 15 Oct 2022,6808,113,5,449205,2605699,19,65,454
547,Last seen on 15 Oct 2022,6871,115,5,448595,2601916,19,65,458
571,Last seen on 02 Dec 2022,8878,148,6,432248,2502474,24,85,592
571,Last seen on 08 Dec 2022,8878,148,6,432355,2502756,24,85,592
572,Last seen on 09 Dec 2022,8878,148,6,432451,2502962,24,85,592
573,Last seen on 09 Dec 2022,8878,148,6,432567,2503194,24,85,592
573,Last seen on 10 Dec 2022,8878,148,6,432673,2503403,24,85,592
573,Last seen on 10 Dec 2022,8878,148,6,432790,2503978,24,85,592
574,Last seen on 10 Dec 2022,8941,149,6,432204,2500338,25,85,596
574,Last seen on 13 Dec 2022,8941,149,6,432338,2501443,25,85,596
574,Last seen on 13 Dec 2022,8941,149,6,432449,2502464,25,85,596
574,Last seen on 13 Dec 2022,8941,149,6,432534,2503250,25,85,596
574,Last seen on 13 Dec 2022,8941,149,6,432655,2504011,25,85,596
575,Last seen on 17 Dec 2022,8941,149,6,432725,2504856,25,85,596
575,Last seen on 17 Dec 2022,8941,149,6,432814,2505595,25,85,596
576,Last seen on 17 Dec 2022,8941,149,6,432945,2506610,25,85,596
576,Last seen on 19 Dec 2022,8941,149,6,433093,2508400,25,85,596
576,Last seen on 19 Dec 2022,8941,149,6,433244,2509933,25,85,596
576,Last seen on 19 Dec 2022,8941,149,6,433397,2511313,25,85,596
576,Last seen on 23 Dec 2022,8941,149,6,433561,2512574,25,85,596
576,Last seen on 23 Dec 2022,8941,149,6,433686,2513596,25,85,596
578,Last seen on 25 Dec 2022,8972,150,6,433566,2512808,25,85,598
578,Last seen on 25 Dec 2022,9129,152,6,432151,2503940,25,87,609
578,Last seen on 27 Dec 2022,9129,152,6,432479,2505822,25,87,609
578,Last seen on 28 Dec 2022,9129,152,6,432682,2507267,25,87,609
578,Last seen on 28 Dec 2022,9129,152,6,432865,2508451,25,87,609
578,Last seen on 28 Dec 2022,9129,152,6,433018,2509516,25,87,609
578,Last seen on 28 Dec 2022,9129,152,6,433163,2510277,25,87,609
578,Last seen on 28 Dec 2022,9129,152,6,433313,2511200,25,87,609
578,Last seen on 28 Dec 2022,9129,152,6,433452,2512449,25,87,609
578,Last seen on 28 Dec 2022,9129,152,6,433447,2519802,25,87,609
578,Last seen on 28 Dec 2022,9129,152,6,433532,2524211,25,87,609
579,Last seen on 28 Dec 2022,9129,152,6,433734,2527543,25,87,609
579,Last seen on 07 Jan 2023,9129,152,6,433877,2530081,25,87,609
579,Last seen on 07 Jan 2023,9129,152,6,434024,2532308,25,87,609
579,Last seen on 07 Jan 2023,9129,152,6,434183,2533990,25,87,609
579,Last seen on 07 Jan 2023,9129,152,6,434201,2534342,25,87,609
579,Last seen on 12 Jan 2023,9129,152,6,434179,2534091,25,87,609
579,Last seen on 12 Jan 2023,9129,152,6,434154,2533754,25,87,609
579,Last seen on 12 Jan 2023,9129,152,6,434135,2533382,25,87,609
579,Last seen on 12 Jan 2023,9129,152,6,434106,2533029,25,87,609
580,Last seen on 16 Jan 2023,9129,152,6,434081,2532750,25,87,609
581,Last seen on 17 Jan 2023,9129,152,6,434058,2532390,25,87,609
581,Last seen on 18 Jan 2023,9129,152,6,434036,2532020,25,87,609
581,Last seen on 19 Jan 2023,9129,152,6,434014,2531488,25,87,609
582,Last seen on 20 Jan 2023,9129,152,6,433997,2531142,25,87,609
582,Last seen on 20 Jan 2023,9129,152,6,433979,2530787,25,87,609
582,Last seen on 20 Jan 2023,9129,152,6,433952,2530483,25,87,609
582,Last seen on 20 Jan 2023,9129,152,6,433939,2530173,25,87,609
582,Last seen on 20 Jan 2023,9129,152,6,433919,2529767,25,87,609
582,Last seen on 20 Jan 2023,9129,152,6,433887,2529405,25,87,609
582,Last seen on 20 Jan 2023,9129,152,6,433861,2529075,25,87,609
582,Last seen on 20 Jan 2023,9129,152,6,433837,2528748,25,87,609
582,Last seen on 20 Jan 2023,9129,152,6,433809,2528379,25,87,609
582,Last seen on 20 Jan 2023,9129,152,6,433778,2528071,25,87,609
582,Last seen on 20 Jan 2023,9129,152,6,433749,2527705,25,87,609
582,Last seen on 20 Jan 2023,9129,152,6,433717,2525760,25,87,609
582,Last seen on 20 Jan 2023,9129,152,6,433681,2523381,25,87,609
582,Last seen on 20 Jan 2023,9129,152,6,433652,2523069,25,87,609
582,Last seen on 20 Jan 2023,9129,152,6,433610,2522689,25,87,609
582,Last seen on 20 Jan 2023,9129,152,6,433558,2522319,25,87,609
582,Last seen on 20 Jan 2023,9129,152,6,433514,2521982,25,87,609
582,Last seen on 06 Feb 2023,9129,152,6,433484,2521671,25,87,609
582,Last seen on 07 Feb 2023,9129,152,6,433432,2521336,25,87,609
583,Last seen on 08 Feb 2023,9129,152,6,433407,2521097,25,87,609
583,Last seen on 09 Feb 2023,9129,152,6,433371,2520782,25,87,609
584,Last seen on 10 Feb 2023,9129,152,6,433340,2520441,25,87,609
586,Last seen on 11 Feb 2023,9129,152,6,433314,2520096,25,87,609
586,Last seen on 12 Feb 2023,9129,152,6,433275,2519784,25,87,609
587,Last seen on 13 Feb 2023,9129,152,6,433218,2519497,25,87,609
587,Last seen on 14 Feb 2023,9129,152,6,433187,2519141,25,87,609
588,Last seen on 15 Feb 2023,9129,152,6,433150,2518784,25,87,609
588,Last seen on 16 Feb 2023,9129,152,6,433100,2518526,25,87,609
589,Last seen on 17 Feb 2023,9129,152,6,433064,2518236,25,87,609
589,Last seen on 18 Feb 2023,9129,152,6,433020,2517822,25,87,609
589,Last seen on 19 Feb 2023,9129,152,6,432970,2517448,25,87,609
590,Last seen on 20 Feb 2023,9129,152,6,432935,2517164,25,87,609
590,Last seen on 21 Feb 2023,9129,152,6,432866,2516715,25,87,609
590,Last seen on 21 Feb 2023,9129,152,6,432785,2516169,25,87,609
590,Last seen on 21 Feb 2023,9129,152,6,432700,2515692,25,87,609
590,Last seen on 21 Feb 2023,9129,152,6,432641,2515345,25,87,609
590,Last seen on 25 Feb 2023,9129,152,6,432591,2515015,25,87,609
591,Last seen on 26 Feb 2023,9129,152,6,432534,2514595,25,87,609
591,Last seen on 27 Feb 2023,9129,152,6,432458,2514201,25,87,609
592,Last seen on 28 Feb 2023,9129,152,6,432398,2513788,25,87,609
593,Last seen on 02 Mar 2023,9129,152,6,432369,2511570,25,87,609
594,Last seen on 03 Mar 2023,9129,152,6,432360,2511349,25,87,609
594,Last seen on 04 Mar 2023,9129,152,6,432347,2511101,25,87,609
595,Last seen on 05 Mar 2023,9129,152,6,432331,2510876,25,87,609
595,Last seen on 05 Mar 2023,9129,152,6,432315,2510584,25,87,609
596,Last seen on 07 Mar 2023,9129,152,6,432293,2510317,25,87,609
597,Last seen on 08 Mar 2023,9129,152,6,432277,2510099,25,87,609
598,Last seen on 09 Mar 2023,9129,152,6,432266,2509859,25,87,609
598,Last seen on 10 Mar 2023,9129,152,6,432249,2509603,25,87,609
599,Last seen on 11 Mar 2023,9129,152,6,432230,2509356,25,87,609
599,Last seen on 11 Mar 2023,9129,152,6,432207,2509130,25,87,609
599,Last seen on 11 Mar 2023,9129,152,6,432195,2508927,25,87,609
599,Last seen on 11 Mar 2023,9129,152,6,432172,2508563,25,87,609
599,Last seen on 11 Mar 2023,9129,152,6,432153,2508251,25,87,609
599,Last seen on 11 Mar 2023,9129,152,6,432141,2508063,25,87,609
599,Last seen on 11 Mar 2023,9129,152,6,432125,2507844,25,87,609
600,Last seen on 18 Mar 2023,9129,152,6,432112,2507618,25,87,609
600,Last seen on 18 Mar 2023,9129,152,6,432094,2507345,25,87,609
600,Last seen on 18 Mar 2023,9129,152,6,432080,2507110,25,87,609
600,Last seen on 18 Mar 2023,9129,152,6,432067,2506904,25,87,609
600,Last seen on 22 Mar 2023,9129,152,6,432055,2506543,25,87,609
600,Last seen on 22 Mar 2023,9129,152,6,432040,2506293,25,87,609
600,Last seen on 22 Mar 2023,9129,152,6,432003,2504975,25,87,609
601,Last seen on 26 Mar 2023,9129,152,6,431984,2504725,25,87,609
601,Last seen on 27 Mar 2023,9129,152,6,431966,2504486,25,87,609
601,Last seen on 27 Mar 2023,9129,152,6,431954,2504292,25,87,609
601,Last seen on 27 Mar 2023,9129,152,6,431940,2504098,25,87,609
601,Last seen on 27 Mar 2023,9129,152,6,431925,2503891,25,87,609
601,Last seen on 27 Mar 2023,9129,152,6,431909,2503714,25,87,609
601,Last seen on 27 Mar 2023,9129,152,6,431897,2503501,25,87,609
602,Last seen on 02 Apr 2023,9129,152,6,431882,2503333,25,87,609
602,Last seen on 02 Apr 2023,9129,152,6,431869,2503158,25,87,609
602,Last seen on 02 Apr 2023,9129,152,6,431856,2502939,25,87,609
602,Last seen on 02 Apr 2023,9129,152,6,431837,2502752,25,87,609
602,Last seen on 02 Apr 2023,9129,152,6,431822,2502572,25,87,609
602,Last seen on 02 Apr 2023,9129,152,6,431811,2502408,25,87,609
602,Last seen on 02 Apr 2023,9129,152,6,431789,2502147,25,87,609
602,Last seen on 02 Apr 2023,9129,152,6,431780,2501939,25,87,609
602,Last seen on 02 Apr 2023,9129,152,6,431770,2501782,25,87,609
602,Last seen on 02 Apr 2023,9129,152,6,431763,2501634,25,87,609
602,Last seen on 02 Apr 2023,9129,152,6,431746,2499954,25,87,609
602,Last seen on 02 Apr 2023,9129,152,6,431730,2499736,25,87,609
602,Last seen on 02 Apr 2023,9129,152,6,431715,2499553,25,87,609
603,Last seen on 15 Apr 2023,9129,152,6,431705,2499386,25,87,609
603,Last seen on 15 Apr 2023,9129,152,6,431694,2499174,25,87,609
603,Last seen on 17 Apr 2023,9129,152,6,431678,2498939,25,87,609
603,Last seen on 17 Apr 2023,9129,152,6,431666,2498746,25,87,609
603,Last seen on 17 Apr 2023,9129,152,6,431655,2498593,25,87,609
603,Last seen on 17 Apr 2023,9129,152,6,431647,2498396,25,87,609
603,Last seen on 17 Apr 2023,9129,152,6,431629,2498165,25,87,609
603,Last seen on 17 Apr 2023,9129,152,6,431404,2494811,25,87,609
603,Last seen on 17 Apr 2023,9129,152,6,431386,2494629,25,87,609
603,Last seen on 17 Apr 2023,9129,152,6,431357,2494396,25,87,609
603,Last seen on 17 Apr 2023,9129,152,6,431341,2494151,25,87,609
603,Last seen on 17 Apr 2023,9129,152,6,431318,2493408,25,87,609
603,Last seen on 17 Apr 2023,9129,152,6,431294,2493179,25,87,609
603,Last seen on 17 Apr 2023,9129,152,6,431269,2492990,25,87,609
603,Last seen on 17 Apr 2023,9129,152,6,431244,2492778,25,87,609
603,Last seen on 17 Apr 2023,9129,152,6,431221,2492529,25,87,609
603,Last seen on 17 Apr 2023,9129,152,6,431189,2492285,25,87,609
603,Last seen on 17 Apr 2023,9129,152,6,431157,2492026,25,87,609
603,Last seen on 17 Apr 2023,9129,152,6,431104,2491749,25,87,609
603,Last seen on 17 Apr 2023,9129,152,6,431073,2491461,25,87,609
603,Last seen on 17 Apr 2023,9129,152,6,431040,2491168,25,87,609
603,Last seen on 17 Apr 2023,9129,152,6,431024,2490920,25,87,609
603,Last seen on 17 Apr 2023,9129,152,6,430987,2490678,25,87,609
603,Last seen on 17 Apr 2023,9129,152,6,430961,2490406,25,87,609
603,Last seen on 17 Apr 2023,9129,152,6,430931,2490135,25,87,609
603,Last seen on 17 Apr 2023,9129,152,6,430868,2489647,25,87,609
603,Last seen on 17 Apr 2023,9129,152,6,430844,2489460,25,87,609
603,Last seen on 17 Apr 2023,9129,152,6,430806,2489214,25,87,609
603,Last seen on 17 Apr 2023,9129,152,6,430774,2488955,25,87,609
603,Last seen on 17 Apr 2023,9129,152,6,430743,2488731,25,87,609
603,Last seen on 17 Apr 2023,9129,152,6,430720,2488558,25,87,609
603,Last seen on 17 Apr 2023,9129,152,6,430669,2488291,25,87,609
603,Last seen on 17 Apr 2023,9129,152,6,430623,2487861,25,87,609
603,Last seen on 17 Apr 2023,9129,152,6,430510,2487234,25,87,609
603,Last seen on 17 Apr 2023,9129,152,6,430459,2486922,25,87,609
603,Last seen on 17 Apr 2023,9129,152,6,430388,2486507,25,87,609
603,Last seen on 17 Apr 2023,9129,152,6,430328,2486141,25,87,609
603,Last seen on 17 Apr 2023,9129,152,6,430244,2485685,25,87,609
604,Last seen on 24 May 2023,9129,152,6,430162,2484801,25,87,609
604,Last seen on 24 May 2023,9129,152,6,430096,2484463,25,87,609
604,Last seen on 24 May 2023,9129,152,6,430025,2484138,25,87,609
604,Last seen on 27 May 2023,9129,152,6,429951,2483706,25,87,609
604,Last seen on 27 May 2023,9129,152,6,429873,2483346,25,87,609
604,Last seen on 27 May 2023,9129,152,6,429786,2482974,25,87,609
604,Last seen on 27 May 2023,9129,152,6,429716,2482604,25,87,609
604,Last seen on 27 May 2023,9129,152,6,429636,2482200,25,87,609
604,Last seen on 27 May 2023,9129,152,6,429545,2481679,25,87,609
604,Last seen on 02 Jun 2023,9129,152,6,429459,2481378,25,87,609
604,Last seen on 02 Jun 2023,9129,152,6,429352,2480987,25,87,609
604,Last seen on 02 Jun 2023,9129,152,6,429280,2480638,25,87,609
604,Last seen on 02 Jun 2023,9129,152,6,429187,2480313,25,87,609
604,Last seen on 02 Jun 2023,9129,152,6,429119,2479999,25,87,609
604,Last seen on 02 Jun 2023,9129,152,6,429027,2478997,25,87,609
604,Last seen on 02 Jun 2023,9129,152,6,428960,2478673,25,87,609
604,Last seen on 02 Jun 2023,9129,152,6,428908,2478351,25,87,609
604,Last seen on 02 Jun 2023,9129,152,6,428834,2478021,25,87,609
604,Last seen on 02 Jun 2023,9129,152,6,428763,2477645,25,87,609
604,Last seen on 02 Jun 2023,9129,152,6,428629,2477110,25,87,609
